Jill,Doe
Joe,Doe
Justin,Doe
Jane,Doe
John,Doe
Jack,comeback
Jack,comeback
Jack,comeback
Jack,comeback
Jack,comeback
Jack,comeback
Jack,comeback
Jack,comeback
Jack,comeback
Jack,comeback
Jack,comeback
Jack,comeback
Jack,comeback
Jack,comeback
Jack,comeback
Jack,comeback
Jack,comeback
Jack,comeback
Jack,comeback
Jack,comeback
Jack,comeback
Jack,comeback
Jack,comeback
Jack,comeback
Jack,comeback
Jack,comeback
Jack,comeback
Jack,comeback
Jack,comeback
Jack,comeback
Jack,comeback
Jack,comeback
Jack,comeback
Jack,comeback
Jack,comeback
Jack,comeback
Jack,comeback
Jack,comeback
Jack,comeback
Jack,comeback
Jack,comeback
Jack,comeback
Jack,comeback
Jack,comeback
Jack,comeback
Jack,comeback
Jack,comeback
Jack,comeback
Jack,comeback
Jack,comeback
Jack,comeback
Jack,comeback
Jack,comeback
Jack,comeback
Jack,comeback
Jack,comeback
Jack,comeback
Jack,comeback
Jack,comeback
Jack,comeback
Jack,comeback
Jack,comeback
Jack,comeback
Jack,comeback
Jack,comeback
Jack,comeback
Jack,comeback
Jack,comeback
Jack,comeback
Jack,comeback
Jack,comeback
Jack,comeback
Jack,comeback
Jack,comeback
Jack,comeback
Jack,comeback
Jack,comeback
Jack,comeback
Jack,comeback
Jack,comeback
Jack,comeback
Jack,comeback
Jack,comeback
Jack,comeback
Jack,comeback
Jack,comeback
Jack,comeback
Jack,comeback
Jack,comeback
Jack,comeback
Jack,comeback
Jack,comeback
Jack,comeback
Jack,comeback
Jack,comeback
